id;created_date;url;name
1;2024-09-02T20:59:45;https://tejfeher-kamatemeles.eu/;hegyi gurgolya taglal a
2;2024-09-02T18:24:18;https://feltunoskodo-ferfirokon.net/;de
3;2024-09-02T20:21:16;https://lakalyos-pelyhes-fatolcsergomba.org;during despite szárnyasaprólék
4;2024-09-03T09:33:32;https://halotti-karnagy.hu;dehogy
5;2024-09-03T10:24:47;https://koves-olvasmany.net;ezért illetve
6;2024-09-03T13:01:52;https://varo-atveres.org;kooperál dahl legális
7;2024-09-02T17:38:01;https://husito-ujitas.net/;aha brr
8;2024-09-03T07:06:07;https://mero-aranyperec.net;marokkói ejha
9;2024-09-02T20:49:37;https://aranysarkantyus-franciaperje.org;bádogoz
10;2024-09-03T01:46:53;https://torvenyszeru-cappuccino.org/;holott mögöttem á
